symbol,name,sector,cap_type,tracking_notes
512068.NS,Deccan Gold Mines Ltd,Spark Watchlist,Equity,Spark Sheet: ₹151.92
544467.NS,National Securities Depository Ltd,Spark Watchlist,Equity,Spark Sheet: ₹895.49
544783.NS,E2E Networks Ltd,Spark Watchlist,Equity,Spark Sheet: ₹525.26
ACE.NS,Action Construction Equipment Ltd,Spark Watchlist,Equity,Spark Sheet: ₹958.58
ACMESOLAR.NS,Acme Solar Holdings Ltd,Spark Watchlist,Equity,Spark Sheet: ₹303.65
ANANTRAJ.NS,Anant Raj Ltd,Spark Watchlist,Equity,Spark Sheet: ₹544.92
ASIANTILES.NS,Asian Granito India Ltd,Spark Watchlist,Equity,Spark Sheet: ₹61.34
ATGL.NS,Adani Total Gas Ltd,Spark Watchlist,Equity,Spark Sheet: ₹613.28
ATHERENERG.NS,Ather Energy Ltd,Spark Watchlist,Equity,Spark Sheet: ₹988.98
AWL.NS,AWL Agri Business Ltd,Spark Watchlist,Equity,Spark Sheet: ₹199.14
BAJAJHFL.NS,Bajaj Housing Finance Ltd,Spark Watchlist,Equity,Spark Sheet: ₹87.23
BAJAJHLDNG.NS,Bajaj Holdings And Investment Ltd,Spark Watchlist,Equity,"Spark Sheet: ₹10,694.85"
BAJFINANCE.NS,Bajaj Finance Ltd,Spark Watchlist,Equity,Spark Sheet: ₹979.16
BANCOINDIA.NS,Banco Products (India) Ltd,Spark Watchlist,Equity,Spark Sheet: ₹632.49
BBL.NS,Bharat Bijlee Ltd,Spark Watchlist,Equity,"Spark Sheet: ₹2,583.99"
BHARATCOAL.NS,Bharat Coking Coal Ltd,Spark Watchlist,Equity,Spark Sheet: ₹35.40
BLUEJET.NS,Blue Jet Healthcare Ltd,Spark Watchlist,Equity,Spark Sheet: ₹491.84
BOROLTD.NS,Borosil Ltd,Spark Watchlist,Equity,Spark Sheet: ₹249.74
BOROSCI.NS,Borosil Scientific Ltd,Spark Watchlist,Equity,Spark Sheet: ₹126.95
CAMS.NS,Computer Age Management Services Ltd,Spark Watchlist,Equity,Spark Sheet: ₹742.00
CANBK.NS,Canara Bank Ltd,Spark Watchlist,Equity,Spark Sheet: ₹137.00
CERA.NS,Cera Sanitaryware Ltd,Spark Watchlist,Equity,"Spark Sheet: ₹5,497.58"
CHEMCON.NS,Chemcon Speciality Chemicals Ltd,Spark Watchlist,Equity,Spark Sheet: ₹182.71
COCHINSHIP.NS,Cochin Shipyard Ltd,Spark Watchlist,Equity,"Spark Sheet: ₹1,496.69"
DCAL.NS,Dishman Carbogen Amcis Ltd,Spark Watchlist,Equity,Spark Sheet: ₹191.72
DCW.NS,DCW Ltd,Spark Watchlist,Equity,Spark Sheet: ₹48.31
DDEVPLSTIK.NS,Ddev Plastiks Industries Ltd,Spark Watchlist,Equity,Spark Sheet: ₹267.31
DELHIVERY.NS,Delhivery,Spark Watchlist,Equity,Spark Sheet: ₹443.70
DELTACORP.NS,Delta Corp Ltd,Spark Watchlist,Equity,Spark Sheet: ₹64.61
DEN.NS,DEN Networks Ltd,Spark Watchlist,Equity,Spark Sheet: ₹28.30
DHANBANK.NS,Dhanlaxmi Bank Ltd,Spark Watchlist,Equity,Spark Sheet: ₹28.71
EDELWEISS.NS,Edelweiss Financial Services Ltd,Spark Watchlist,Equity,Spark Sheet: ₹116.25
ELECON.NS,Elecon Engineering Company Ltd,Spark Watchlist,Equity,Spark Sheet: ₹456.98
ENGINERSIN.NS,Engineers India Ltd,Spark Watchlist,Equity,Spark Sheet: ₹224.89
EXIDEIND.NS,Exide Industries Ltd,Spark Watchlist,Equity,Spark Sheet: ₹376.29
FCL.NS,Fineotex Chemical Ltd,Spark Watchlist,Equity,Spark Sheet: ₹32.77
FIEMIND.NS,Fiem Industries Ltd,Spark Watchlist,Equity,"Spark Sheet: ₹2,216.36"
GENUSPOWER.NS,Genus Power Infrastructures Ltd,Spark Watchlist,Equity,Spark Sheet: ₹295.49
GESHIP.NS,Great Eastern Shipping Company Ltd,Spark Watchlist,Equity,"Spark Sheet: ₹1,351.83"
GMDCLTD.NS,Gujarat Mineral Development Corpn Ltd,Spark Watchlist,Equity,Spark Sheet: ₹589.58
GPPL.NS,Gujarat Pipavav Port Ltd,Spark Watchlist,Equity,Spark Sheet: ₹163.17
GRAVITA.NS,Gravita India Ltd,Spark Watchlist,Equity,"Spark Sheet: ₹1,665.23"
GRSE.NS,Garden Reach Shipbuilders & Enginers Ltd,Spark Watchlist,Equity,"Spark Sheet: ₹2,542.82"
GSFC.NS,Gujarat State Fertilizers & Chemicls Ltd,Spark Watchlist,Equity,Spark Sheet: ₹166.14
GSPL.NS,GSPL,Spark Watchlist,Equity,Spark Sheet
HAL.NS,Hindustan Aeronautics Ltd,Spark Watchlist,Equity,"Spark Sheet: ₹4,404.96"
HAPPSTMNDS.NS,Happiest Minds Technologies Ltd,Spark Watchlist,Equity,Spark Sheet: ₹390.48
HBLENGINE.NS,HBL Engineering Ltd,Spark Watchlist,Equity,Spark Sheet: ₹760.29
HDFCBANK.NS,HDFC Bank Ltd,Spark Watchlist,Equity,Spark Sheet: ₹823.84
HDIL.NS,Housing Development & Infrastructure,Spark Watchlist,Equity,Spark Sheet: ₹1.94
HEG.NS,HEG,Spark Watchlist,Equity,Spark Sheet
HEROMOTOCO.NS,Hero Motocorp Ltd,Spark Watchlist,Equity,"Spark Sheet: ₹5,375.21"
HPL.NS,HPL Electric & Power Ltd,Spark Watchlist,Equity,Spark Sheet: ₹342.19
IFCI.NS,IFCI Ltd,Spark Watchlist,Equity,Spark Sheet: ₹65.87
IKIO.NS,IKIO Technologies Ltd,Spark Watchlist,Equity,Spark Sheet: ₹169.61
INDRAMEDCO.NS,Indraprastha Medical Corporation Ltd,Spark Watchlist,Equity,Spark Sheet: ₹396.18
INOXINDIA.NS,INOX India Ltd,Spark Watchlist,Equity,"Spark Sheet: ₹1,535.18"
INTLCONV.NS,International Conveyors Ltd,Spark Watchlist,Equity,Spark Sheet: ₹79.16
IOC.NS,Indian Oil Corporation Ltd,Spark Watchlist,Equity,Spark Sheet: ₹149.39
IRCTC.NS,Indian Railway Ctrng nd Trsm Corp Ltd,Spark Watchlist,Equity,Spark Sheet: ₹553.31
IRFC.NS,Indian Railway Finance Corp Ltd,Spark Watchlist,Equity,Spark Sheet: ₹100.07
ITCHOTELS.NS,ITC Hotels Ltd,Spark Watchlist,Equity,Spark Sheet: ₹169.96
JAMNAAUTO.NS,Jamna Auto Industries Ltd,Spark Watchlist,Equity,Spark Sheet: ₹127.20
JAYBARMARU.NS,Jay Bharat Maruti Ltd,Spark Watchlist,Equity,Spark Sheet: ₹114.60
JINDALSAW.NS,Jindal SAW Ltd,Spark Watchlist,Equity,Spark Sheet: ₹225.03
JIOFIN.NS,Jio Financial Services Ltd,Spark Watchlist,Equity,Spark Sheet: ₹251.60
JMA.NS,Jullundur Motor Agency (Delhi) Ltd,Spark Watchlist,Equity,Spark Sheet: ₹85.64
JPOLYINVST.NS,Jindal Poly Investment & Finance Co Ltd,Spark Watchlist,Equity,"Spark Sheet: ₹1,067.14"
JYOTICNC.NS,Jyoti CNC Automation Ltd,Spark Watchlist,Equity,Spark Sheet: ₹831.35
KICL.NS,Kalyani Investment Company Ltd,Spark Watchlist,Equity,"Spark Sheet: ₹4,984.74"
KOKUYOCMLN.NS,Kokuyo Camlin Ltd,Spark Watchlist,Equity,Spark Sheet: ₹84.94
KROSS.NS,Kross Ltd,Spark Watchlist,Equity,Spark Sheet: ₹196.60
KUANTUM.NS,Kuantum Papers Ltd,Spark Watchlist,Equity,Spark Sheet: ₹81.70
LT.NS,Larsen and Toubro Ltd,Spark Watchlist,Equity,"Spark Sheet: ₹3,974.68"
LTF.NS,L&T Finance Ltd,Spark Watchlist,Equity,Spark Sheet: ₹294.05
LUMAXIND.NS,Lumax Industries Ltd,Spark Watchlist,Equity,"Spark Sheet: ₹5,482.67"
MAZDOCK.NS,Mazagon Dock Shipbuilders Ltd,Spark Watchlist,Equity,"Spark Sheet: ₹2,441.98"
MTNL.NS,Mahanagar Telephone Nigam Ltd,Spark Watchlist,Equity,Spark Sheet: ₹29.76
MUTHOOTFIN.NS,Muthoot Finance Ltd,Spark Watchlist,Equity,"Spark Sheet: ₹3,335.95"
NATCOPHARM.NS,Natco Pharma Ltd,Spark Watchlist,Equity,Spark Sheet: ₹941.84
NATIONALUM.NS,National Aluminium Co Ltd,Spark Watchlist,Equity,Spark Sheet: ₹367.86
NCLIND.NS,Ncl Industries Ltd,Spark Watchlist,Equity,Spark Sheet: ₹183.18
NDRAUTO.NS,NDR Auto Components Ltd,Spark Watchlist,Equity,Spark Sheet: ₹772.53
NHPC.NS,NHPC Ltd,Spark Watchlist,Equity,Spark Sheet: ₹77.73
NMDC.NS,NMDC Ltd,Spark Watchlist,Equity,Spark Sheet: ₹83.77
NSLNISP.NS,NMDC Steel Ltd,Spark Watchlist,Equity,Spark Sheet: ₹42.32
NTPC.NS,NTPC Ltd,Spark Watchlist,Equity,Spark Sheet: ₹356.91
NYKAA.NS,Fsn E-Commerce Ventures Ltd,Spark Watchlist,Equity,Spark Sheet: ₹282.70
OIL.NS,Oil India Ltd,Spark Watchlist,Equity,Spark Sheet: ₹458.62
ONGC.NS,Oil and Natural Gas Corporation Ltd,Spark Watchlist,Equity,Spark Sheet: ₹256.43
ONMOBILE.NS,Onmobile Global Ltd,Spark Watchlist,Equity,Spark Sheet: ₹54.73
ORICONENT.NS,Oricon Enterprises Ltd,Spark Watchlist,Equity,Spark Sheet: ₹60.30
PIIND.NS,PI Industries Ltd,Spark Watchlist,Equity,"Spark Sheet: ₹2,888.63"
PNB.NS,Punjab National Bank,Spark Watchlist,Equity,Spark Sheet: ₹114.58
PNBGILTS.NS,PNB Gilts Ltd,Spark Watchlist,Equity,Spark Sheet: ₹79.49
POLYCAB.NS,Polycab India Ltd,Spark Watchlist,Equity,"Spark Sheet: ₹8,353.37"
PREMEXPLN.NS,Premier Explosives Ltd,Spark Watchlist,Equity,Spark Sheet: ₹579.74
RAINBOW.NS,Rainbow Children's Medicare Ltd,Spark Watchlist,Equity,"Spark Sheet: ₹1,332.46"
RCF.NS,Rashtriya Chemicals and Fertilizers Ltd,Spark Watchlist,Equity,Spark Sheet: ₹127.61
RCOM.NS,Reliance Communications Ltd,Spark Watchlist,Equity,Spark Sheet: ₹0.95
REDINGTON.NS,Redington Ltd,Spark Watchlist,Equity,Spark Sheet: ₹274.53
RELIANCE.NS,Reliance Industries Ltd,Spark Watchlist,Equity,"Spark Sheet: ₹1,372.47"
RHFL.NS,Reliance Home Finance Ltd,Spark Watchlist,Equity,Spark Sheet: ₹2.30
RIIL.NS,Reliance Industrial Infrastructure Ltd,Spark Watchlist,Equity,Spark Sheet: ₹756.59
RML.NS,Rane (Madras) Ltd,Spark Watchlist,Equity,Spark Sheet: ₹938.40
RPOWER.NS,Reliance Power Ltd,Spark Watchlist,Equity,Spark Sheet: ₹26.78
RVNL.NS,Rail Vikas Nigam Ltd,Spark Watchlist,Equity,Spark Sheet: ₹271.54
SADHNANIQ.NS,Sadhana Nitro Chem Ltd,Spark Watchlist,Equity,Spark Sheet: ₹2.27
SAKSOFT.NS,Saksoft Ltd,Spark Watchlist,Equity,Spark Sheet: ₹158.66
SANSTAR.NS,Sanstar Ltd,Spark Watchlist,Equity,Spark Sheet: ₹99.80
SARDAEN.NS,Sarda Energy & Minerals Ltd,Spark Watchlist,Equity,Spark Sheet: ₹519.97
SBICARD.NS,SBI Cards and Payment Services Ltd,Spark Watchlist,Equity,Spark Sheet: ₹697.79
SHALBY.NS,Shalby Ltd,Spark Watchlist,Equity,Spark Sheet: ₹164.96
SHARDAMOTR.NS,Sharda Motor Industries Ltd,Spark Watchlist,Equity,Spark Sheet: ₹878.96
SHRENIK.NS,Shrenik Ltd,Spark Watchlist,Equity,Spark Sheet: ₹0.39
SHYAMCENT.NS,Shyam Century Ferrous Ltd,Spark Watchlist,Equity,Spark Sheet: ₹5.34
SIGACHI.NS,Sigachi Industries Ltd,Spark Watchlist,Equity,Spark Sheet: ₹25.22
SIGMAADV.NS,Sigma Advanced Systems Ltd,Spark Watchlist,Equity,Spark Sheet: ₹444.71
SIMBHALS.NS,Simbhaoli Sugars Ltd,Spark Watchlist,Equity,Spark Sheet: ₹8.14
SJVN.NS,SJVN Ltd,Spark Watchlist,Equity,Spark Sheet: ₹71.90
SOTL.NS,Savita Oil Technologies Ltd,Spark Watchlist,Equity,Spark Sheet: ₹477.16
SPARC.NS,Sun Pharma Advanced Research Co Ltd,Spark Watchlist,Equity,Spark Sheet: ₹171.91
SPIC.NS,Southern Petrochemical Industries CorpLd,Spark Watchlist,Equity,Spark Sheet: ₹70.18
STAR.NS,Strides Pharma Science Ltd,Spark Watchlist,Equity,Spark Sheet: ₹999.63
SUMEETINDS.NS,Sumeet Industries Ltd,Spark Watchlist,Equity,Spark Sheet: ₹23.14
SUMMITSEC.NS,Summit Securities Ltd,Spark Watchlist,Equity,"Spark Sheet: ₹1,614.61"
SUZLON.NS,Suzlon Energy Ltd,Spark Watchlist,Equity,Spark Sheet: ₹49.42
SYMPHONY.NS,Symphony Ltd,Spark Watchlist,Equity,Spark Sheet: ₹754.03
TARIL.NS,Transformers and Rectifiers (India) Ltd,Spark Watchlist,Equity,Spark Sheet: ₹296.47
TATACONSUM.NS,Tata Consumer Products Ltd,Spark Watchlist,Equity,"Spark Sheet: ₹1,117.00"
TATAPOWER.NS,Tata Power Company Ltd,Spark Watchlist,Equity,Spark Sheet: ₹386.45
UNIVPHOTO.NS,Universus Photo Imagings Ltd,Spark Watchlist,Equity,Spark Sheet: ₹382.76
UTKARSHBNK.NS,Utkarsh Small Finance Bank Ltd,Spark Watchlist,Equity,Spark Sheet: ₹14.01
VIJAYA.NS,Vijaya Diagnostic Centre Ltd,Spark Watchlist,Equity,"Spark Sheet: ₹1,186.45"
VIRINCHI.NS,Virinchi Ltd,Spark Watchlist,Equity,Spark Sheet: ₹17.82
VMM.NS,Vishal Mega Mart Ltd,Spark Watchlist,Equity,Spark Sheet: ₹117.64
WAAREEENER.NS,Waaree Energies Ltd,Spark Watchlist,Equity,"Spark Sheet: ₹2,895.44"
WIPRO.NS,Wipro Ltd,Spark Watchlist,Equity,Spark Sheet: ₹204.11
YESBANK.NS,Yes Bank Ltd,Spark Watchlist,Equity,Spark Sheet: ₹21.88
ZENITHEXPO.NS,Zenith Exports Ltd,Spark Watchlist,Equity,Spark Sheet: ₹206.26
ZFCVINDIA.NS,ZF Commercial Vehl Cntrl Sytm India Ltd,Spark Watchlist,Equity,"Spark Sheet: ₹2,452.83"
RAJOOENG.NS,Rajoo Engineers Ltd,Spark Watchlist,Equity,Spark Sheet: ₹58.33
